FirstName,LastName,Email,Phone
Kate,Westrope,kwestrope0@wunderground.com,540-569-8887
Tori,Vigus,tvigus1@merriam-webster.com,846-789-5610
Stephan,Cottier,scottier2@columbia.edu,445-431-6982
Paige,Gentric,pgentric3@qq.com,143-453-1904
Brandea,Preon,bpreon4@lulu.com,942-393-6591
Malchy,Curado,,675-446-2982
Kelly,Meco,,974-731-9490
Willa,Palphramand,wpalphramand7@cbc.ca,989-820-7957
Adrien,Wyd,awyd8@google.cn,294-289-5654
Maddi,Sherborn,msherborn9@guardian.co.uk,983-105-3068
Byran,Matthai,bmatthaia@prweb.com,
Lainey,Luipold,,463-870-1326
Rochester,Sprackling,rspracklingc@bing.com,451-125-4939
Bartlet,Pietsma,bpietsmad@forbes.com,963-834-4537
Ivonne,McCaffrey,imccaffreye@weather.com,658-425-4804
Constantia,Kime,ckimef@jalbum.net,219-859-2194
Scottie,Cuffe,scuffeg@wired.com,264-857-5777
Rochester,Sprackling,rspracklingc@bing.com,451-125-4939
Bartlet,Pietsma,bpietsmad@forbes.com,963-834-4537
Ivonne,McCaffrey,imccaffreye2@weather.com,658-425-4804
Constantia,Kime,ckimef@jalbum.net,219-859-1194
Scottie,Cuffe,scuffeg@wired.com,264-857-5777
Una,Becerro,ubecerroh@canalblog.com,580-822-7741
Lurette,Lawerence,llawerencei@nyu.edu,
Morgun,McCrory,mmccroryj@columbia.edu,801-622-4629
Kendrick,Kift,,834-990-5745
Fair,Hoyte,fhoytel@howstuffworks.com,182-840-6932
Heindrick,Castanone,hcastanonem@wired.com,532-428-9020
Ellery,Dermott,edermottn@example.com,327-115-2628
Sigismund,Trodler,strodlero@answers.com,685-408-3207
Demetris,Ervine,dervinep@drupal.org,658-802-6550
Henrik,Clyne,hclyneq@wp.com,382-815-0449
Zilvia,Downgate,,356-557-5106
Benoite,Andrat,bandrats@weather.com,734-487-9980
Keriann,Irlam,,596-219-0651
Gabbi,,gwoodruffeu@cisco.com,547-312-8114
Daryle,McGriele,dmcgrielev@princeton.edu,736-987-5848
Nicol,Bellis,nbellisw@patch.com,112-352-5286
Bax,Ferdinand,bferdinandx@army.mil,
Leland,,,377-252-8998
Gavan,Faier,gfaierz@imageshack.us,875-700-1338
Wheeler,Malyj,wmalyj10@paginegialle.it,222-566-3405
Wolfy,Delafont,wdelafont11@vinaora.com,792-645-3698
Sherm,Balffye,sbalffye12@tuttocitta.it,508-649-9115
Wilfred,Duffell,,
,Sarle,psarle14@odnoklassniki.ru,619-235-7703
Jerry,Slocombe,jslocombe15@arizona.edu,444-847-3678
Dean,Raggett,draggett16@senate.gov,
Virginia,Sopper,,859-997-6191
,Kilpin,ekilpin18@auda.org.au,299-309-6491
Clotilda,Shearman,cshearman19@opensource.org,113-649-2029
Christian,Ellacott,cellacott1a@businesswire.com,759-427-6263
Anabel,Sorrill,asorrill1b@webmd.com,
Dorolice,Golda,dgolda1c@buzzfeed.com,316-725-8867
Brit,Ainsworth,bainsworth1d@gravatar.com,912-404-8168
Kerry,Fenton,kfenton1e@bbc.co.uk,131-108-0622
Archibald,Saltsberg,asaltsberg1f@admin.ch,324-698-7915
Nydia,Deacon,,480-946-8166
Rozanne,O'Cleary,rocleary1h@bing.com,777-293-5026
Wilt,Beers,wbeers1i@blogger.com,884-403-2131
Melinde,Fort,mfort1j@histats.com,598-945-6014
,Jenkyn,,668-543-1069
Tito,Gian,tgian1l@nasa.gov,791-307-0298
Winthrop,Rickett,wrickett1m@usnews.com,131-534-8861
Fae,Tedridge,ftedridge1n@goodreads.com,542-182-2050
Roy,Shipman,rshipman1o@ibm.com,580-248-4983
Scot,Lilion,slilion1p@alibaba.com,319-651-8312
Mabel,Davenhall,mdavenhall1q@google.de,817-392-2114
Alleyn,Brashaw,abrashaw1r@smugmug.com,447-207-4046
Loralie,,lschruyers1s@goo.ne.jp,367-953-3438
Griffin,,gdovey1t@shareasale.com,799-974-4167
Merrily,Petters,mpetters1u@altervista.org,822-187-8783
Dunstan,McCard,dmccard1v@state.tx.us,766-690-0351
Rene,Lenox,rlenox1w@ox.ac.uk,261-413-6389
Mona,Carlyle,mcarlyle1x@java.com,658-483-0249
Ingaberg,Gilstoun,igilstoun1y@infoseek.co.jp,117-136-4743
Sari,Adamek,sadamek1z@behance.net,794-705-1670
Hasheem,Brosini,hbrosini20@marketwatch.com,601-515-3766
Annnora,Smeuin,,109-142-1935
Marilin,Krolman,mkrolman22@nifty.com,
Angelica,Bails,abails23@ezinearticles.com,440-256-3800
Maurits,Batthew,mbatthew24@msu.edu,517-793-6311
Archie,Potell,apotell25@last.fm,427-894-1967
Claudina,,cfenby26@google.fr,596-233-7959
Felecia,Perrat,fperrat27@yahoo.co.jp,367-354-2404
Gerta,Spreadbury,gspreadbury28@nih.gov,949-344-9202
Guthry,Sandon,gsandon29@icq.com,333-300-2035
Kayla,De Freyne,kdefreyne2a@1und1.de,130-834-2707
Teador,Ralph,tralph2b@ca.gov,680-947-7298
Tonya,,,552-246-9494
Beauregard,O'Cuddie,bocuddie2d@cocolog-nifty.com,172-632-3015
Tobe,Hatliff,thatliff2e@discovery.com,887-751-0521
Willdon,Clemson,wclemson2f@statcounter.com,308-735-3280
Lorelei,Bellenie,,241-898-1512
Timmy,Dodds,tdodds2h@time.com,820-548-4377
Brew,Sabatini,bsabatini2i@miitbeian.gov.cn,279-532-5104
Angelica,Tattershall,atattershall2j@reference.com,332-700-7004
Moll,Ungerer,mungerer2k@tinypic.com,963-400-1990
Ferris,Budge,fbudge2l@craigslist.org,116-524-0836
Melitta,Neeves,mneeves2m@accuweather.com,213-898-7949
Astrid,Warfield,awarfield2n@fastcompany.com,942-341-4365
Penelope,Collis,pcollis2o@woothemes.com,733-607-7738
Livvie,Corton,lcorton2p@springer.com,469-833-2768
Gerti,Verralls,gverralls2q@gnu.org,
Lester,Loweth,lloweth2r@indiatimes.com,719-938-3143
